Title,Survey,Tool,Q1Answer,Q2Answer,Q3Answer,Q4Answer,Q5Answer,Q6Answer,Q7Answer,Q8Answer,ToolRank,Q9Answer,Q10Answer,SurveyUser,SurveyStatus
Added by selecting.,Tool Survey,decide,Never heard of it,terrible,1,1,1,can't tell,3,1,8,4,,Trevor Mccarthy,Submitted
Added by selecting.,Tool Survey,more_stuff,Used it at least once,terrible,3,can't tell,1,2,3,4,7,2,,Trevor Mccarthy,Submitted
Added by selecting.,Tool Survey,social,Used to use it frequently,terrible,1,2,3,2,2,3,6,can't tell,,Trevor Mccarthy,Submitted
Added by selecting.,Tool Survey,face,Heard of it,terrible,3,2,4,2,1,2,5,3,Meeting plan personal past mention along occur. Audience activity drug apply boy writer. Bit management spring indeed.,Trevor Mccarthy,Submitted
Added by selecting.,Tool Survey,his,Used to use it frequently,okay,3,1,1,4,2,2,4,4,,Trevor Mccarthy,Submitted
Added by selecting.,Tool Survey,stuff,Used to use it frequently,great,can't tell,3,3,2,2,1,3,2,,Trevor Mccarthy,Submitted
Added by selecting.,Tool Survey,table,Used it at least once,terrible,3,2,3,2,3,1,2,2,,Trevor Mccarthy,Submitted
Added by selecting.,Tool Survey,use,Never heard of it,terrible,2,3,2,3,2,3,1,2,,Trevor Mccarthy,Submitted
Added by selecting.,Tool Survey,list,Currently use it frequently,terrible,3,1,1,3,4,2,8,5,,Jamie Lopez,Submitted
Added by selecting.,Tool Survey,social,Currently use it frequently,okay,2,can't tell,5,can't tell,3,1,7,2,,Jamie Lopez,Submitted
Added by selecting.,Tool Survey,his,Currently use it frequently,terrible,4,1,3,2,4,can't tell,6,4,,Jamie Lopez,Submitted
Added by selecting.,Tool Survey,more_stuff,Used to use it frequently,terrible,1,3,2,2,can't tell,5,5,2,,Jamie Lopez,Submitted
Added by selecting.,Tool Survey,job,Used it at least once,okay,2,can't tell,1,3,3,3,4,3,,Jamie Lopez,Submitted
Added by selecting.,Tool Survey,table,Currently use it frequently,terrible,2,2,3,can't tell,can't tell,2,3,3,,Jamie Lopez,Submitted
Added by selecting.,Tool Survey,stuff,Never heard of it,great,2,3,3,5,4,2,2,1,,Jamie Lopez,Submitted
Added by selecting.,Tool Survey,use,Heard of it,terrible,3,3,4,4,can't tell,1,1,3,,Jamie Lopez,Submitted
Added by selecting.,Tool Survey,list,Currently use it frequently,great,5,2,4,5,5,2,8,4,,Dana Burke,Submitted
Added by selecting.,Tool Survey,more_stuff,Used to use it frequently,okay,4,can't tell,can't tell,4,5,5,7,can't tell,,Dana Burke,Submitted
Added by selecting.,Tool Survey,job,Used it at least once,great,5,5,2,2,can't tell,5,6,5,,Dana Burke,Submitted
Added by selecting.,Tool Survey,social,Currently use it frequently,great,5,3,5,can't tell,4,5,5,5,,Dana Burke,Submitted
Added by selecting.,Tool Survey,decide,Used it at least once,great,can't tell,2,3,5,5,2,4,5,,Dana Burke,Submitted
Added by selecting.,Tool Survey,face,Used it at least once,terrible,can't tell,3,5,can't tell,3,3,3,5,,Dana Burke,Submitted
Added by selecting.,Tool Survey,stuff,Used it at least once,okay,5,4,4,5,5,5,2,can't tell,,Dana Burke,Submitted
Added by selecting.,Tool Survey,use,Heard of it,great,can't tell,5,4,5,4,5,1,3,,Dana Burke,Submitted
Added by selecting.,Tool Survey,list,Currently use it frequently,okay,3,2,3,2,can't tell,1,8,3,,Malik Roberts,Submitted
Added by selecting.,Tool Survey,decide,Heard of it,okay,4,1,can't tell,4,5,can't tell,7,5,,Malik Roberts,Submitted
Added by selecting.,Tool Survey,more_stuff,Used it at least once,terrible,4,2,3,3,3,5,6,4,,Malik Roberts,Submitted
Added by selecting.,Tool Survey,job,Heard of it,great,3,4,can't tell,1,can't tell,5,5,4,,Malik Roberts,Submitted
Added by selecting.,Tool Survey,face,Used to use it frequently,great,4,2,5,can't tell,2,4,4,4,,Malik Roberts,Submitted
Added by selecting.,Tool Survey,his,Used to use it frequently,terrible,can't tell,2,1,5,5,2,3,4,,Malik Roberts,Submitted
Added by selecting.,Tool Survey,table,Used it at least once,terrible,3,5,3,4,can't tell,can't tell,2,5,,Malik Roberts,Submitted
Added by selecting.,Tool Survey,stuff,Used it at least once,great,4,4,2,5,5,5,1,can't tell,,Malik Roberts,Submitted
Added by selecting.,Tool Survey,list,Heard of it,great,2,1,2,4,4,2,8,5,,Angela Mcclure,Submitted
Added by selecting.,Tool Survey,decide,Heard of it,terrible,2,2,2,4,4,2,7,5,,Angela Mcclure,Submitted
Added by selecting.,Tool Survey,his,Currently use it frequently,okay,4,1,2,2,3,1,6,4,,Angela Mcclure,Submitted
Added by selecting.,Tool Survey,social,Currently use it frequently,okay,3,2,4,4,2,4,5,2,,Angela Mcclure,Submitted
Added by selecting.,Tool Survey,face,Used to use it frequently,terrible,4,2,4,4,1,can't tell,4,2,,Angela Mcclure,Submitted
Added by selecting.,Tool Survey,job,Used it at least once,great,3,can't tell,can't tell,1,4,5,3,5,,Angela Mcclure,Submitted
Added by selecting.,Tool Survey,table,Currently use it frequently,great,3,5,2,can't tell,3,2,2,can't tell,,Angela Mcclure,Submitted
Added by selecting.,Tool Survey,use,Never heard of it,great,5,4,4,5,5,5,1,2,,Angela Mcclure,Submitted
Added by selecting.,Tool Survey,list,Used to use it frequently,terrible,3,can't tell,3,5,3,5,8,4,,Mr. Nicholas Gallegos,Submitted
Added by selecting.,Tool Survey,social,Never heard of it,great,3,3,can't tell,5,5,5,7,2,,Mr. Nicholas Gallegos,Submitted
Added by selecting.,Tool Survey,face,Currently use it frequently,great,5,4,5,5,4,can't tell,6,4,,Mr. Nicholas Gallegos,Submitted
Added by selecting.,Tool Survey,more_stuff,Currently use it frequently,okay,5,4,can't tell,2,5,5,5,5,,Mr. Nicholas Gallegos,Submitted
Added by selecting.,Tool Survey,his,Never heard of it,great,5,4,3,5,5,3,4,5,,Mr. Nicholas Gallegos,Submitted
Added by selecting.,Tool Survey,job,Used it at least once,okay,4,5,1,3,5,5,3,5,,Mr. Nicholas Gallegos,Submitted
Added by selecting.,Tool Survey,stuff,Used to use it frequently,great,4,4,can't tell,5,5,3,2,3,,Mr. Nicholas Gallegos,Submitted
Added by selecting.,Tool Survey,use,Heard of it,great,4,5,5,5,5,can't tell,1,1,,Mr. Nicholas Gallegos,Submitted
Added by selecting.,Tool Survey,list,Currently use it frequently,terrible,2,1,2,2,3,1,8,can't tell,,Devin Hernandez,Submitted
Added by selecting.,Tool Survey,decide,Used to use it frequently,terrible,2,1,1,3,4,1,7,4,,Devin Hernandez,Submitted
Added by selecting.,Tool Survey,his,Used it at least once,okay,3,2,2,4,can't tell,1,6,3,,Devin Hernandez,Submitted
Added by selecting.,Tool Survey,job,Used it at least once,terrible,can't tell,2,1,2,3,4,5,3,,Devin Hernandez,Submitted
Added by selecting.,Tool Survey,face,Currently use it frequently,okay,3,1,can't tell,4,1,3,4,2,,Devin Hernandez,Submitted
Added by selecting.,Tool Survey,table,Never heard of it,okay,2,3,2,2,4,2,3,3,,Devin Hernandez,Submitted
Added by selecting.,Tool Survey,stuff,Currently use it frequently,okay,2,2,2,can't tell,3,1,2,3,,Devin Hernandez,Submitted
Added by selecting.,Tool Survey,use,Used it at least once,terrible,3,4,2,3,3,2,1,2,,Devin Hernandez,Submitted
Added by selecting.,Tool Survey,list,Heard of it,great,4,2,3,3,4,can't tell,8,4,,Lisa Hickman,Submitted
Added by selecting.,Tool Survey,decide,Never heard of it,great,can't tell,2,2,4,5,1,7,can't tell,,Lisa Hickman,Submitted
Added by selecting.,Tool Survey,more_stuff,Currently use it frequently,terrible,5,3,4,3,5,5,6,4,,Lisa Hickman,Submitted
Added by selecting.,Tool Survey,job,Used it at least once,great,4,4,2,1,5,5,5,5,,Lisa Hickman,Submitted
Added by selecting.,Tool Survey,social,Currently use it frequently,great,4,3,5,4,3,can't tell,4,5,,Lisa Hickman,Submitted
Added by selecting.,Tool Survey,use,Used to use it frequently,terrible,5,5,3,4,5,5,3,3,,Lisa Hickman,Submitted
Added by selecting.,Tool Survey,his,Currently use it frequently,great,5,2,can't tell,5,5,2,2,5,,Lisa Hickman,Submitted
Added by selecting.,Tool Survey,table,Heard of it,great,5,5,4,5,5,3,1,5,,Lisa Hickman,Submitted
Added by selecting.,Tool Survey,list,Used it at least once,okay,4,3,can't tell,5,can't tell,4,8,5,,Rebecca Lewis,Submitted
Added by selecting.,Tool Survey,decide,Currently use it frequently,great,5,can't tell,can't tell,5,5,3,7,5,,Rebecca Lewis,Submitted
Added by selecting.,Tool Survey,social,Used it at least once,great,5,3,5,5,can't tell,5,6,5,,Rebecca Lewis,Submitted
Added by selecting.,Tool Survey,more_stuff,Currently use it frequently,terrible,5,5,4,3,5,5,5,5,,Rebecca Lewis,Submitted
Added by selecting.,Tool Survey,face,Used it at least once,great,5,5,5,5,3,4,4,5,,Rebecca Lewis,Submitted
Added by selecting.,Tool Survey,job,Never heard of it,great,4,5,2,4,5,5,3,5,,Rebecca Lewis,Submitted
Added by selecting.,Tool Survey,stuff,Currently use it frequently,great,5,5,3,5,5,5,2,5,,Rebecca Lewis,Submitted
Added by selecting.,Tool Survey,table,Currently use it frequently,great,5,5,4,5,5,2,1,5,,Rebecca Lewis,Submitted
Added by selecting.,Tool Survey,decide,Used to use it frequently,great,3,1,3,3,2,1,8,5,,William Maldonado,Submitted
Added by selecting.,Tool Survey,social,Never heard of it,okay,4,1,4,3,can't tell,2,7,3,,William Maldonado,Submitted
Added by selecting.,Tool Survey,more_stuff,Never heard of it,terrible,2,2,1,3,5,4,6,3,,William Maldonado,Submitted
Added by selecting.,Tool Survey,face,Never heard of it,okay,3,1,can't tell,4,2,2,5,2,,William Maldonado,Submitted
Added by selecting.,Tool Survey,stuff,Used to use it frequently,great,can't tell,3,2,5,4,can't tell,4,3,,William Maldonado,Submitted
Added by selecting.,Tool Survey,his,Heard of it,okay,4,2,can't tell,can't tell,3,1,3,can't tell,,William Maldonado,Submitted
Added by selecting.,Tool Survey,table,Heard of it,okay,3,4,1,3,5,3,2,3,,William Maldonado,Submitted
Added by selecting.,Tool Survey,use,Used to use it frequently,okay,5,5,2,4,can't tell,4,1,can't tell,,William Maldonado,Submitted
Added by selecting.,Tool Survey,list,Used to use it frequently,terrible,can't tell,3,2,2,can't tell,3,8,3,,Michael Anderson,Submitted
Added by selecting.,Tool Survey,social,Heard of it,terrible,4,3,4,can't tell,4,4,7,2,,Michael Anderson,Submitted
Added by selecting.,Tool Survey,face,Used to use it frequently,okay,4,1,2,4,1,3,6,3,,Michael Anderson,Submitted
Added by selecting.,Tool Survey,decide,Used it at least once,terrible,3,1,2,2,5,1,5,3,,Michael Anderson,Submitted
Added by selecting.,Tool Survey,job,Currently use it frequently,great,1,can't tell,2,3,3,1,4,3,,Michael Anderson,Submitted
Added by selecting.,Tool Survey,his,Heard of it,okay,5,can't tell,2,1,5,1,3,can't tell,,Michael Anderson,Submitted
Added by selecting.,Tool Survey,use,Heard of it,terrible,1,5,1,can't tell,2,4,2,1,,Michael Anderson,Submitted
Added by selecting.,Tool Survey,stuff,Currently use it frequently,okay,2,3,can't tell,4,5,2,1,1,,Michael Anderson,Submitted
Added by selecting.,Tool Survey,list,Used it at least once,great,can't tell,2,3,1,4,1,8,5,,Julie Sanders,Submitted
Added by selecting.,Tool Survey,job,Currently use it frequently,great,2,5,2,2,4,5,7,5,,Julie Sanders,Submitted
Added by selecting.,Tool Survey,decide,Never heard of it,great,3,1,2,4,4,1,6,5,,Julie Sanders,Submitted
Added by selecting.,Tool Survey,more_stuff,Heard of it,okay,5,2,3,3,3,5,5,4,,Julie Sanders,Submitted
Added by selecting.,Tool Survey,face,Used it at least once,great,can't tell,2,can't tell,5,1,2,4,3,,Julie Sanders,Submitted
Added by selecting.,Tool Survey,social,Heard of it,okay,4,3,5,3,2,3,3,2,,Julie Sanders,Submitted
Added by selecting.,Tool Survey,his,Never heard of it,great,4,2,3,5,5,can't tell,2,5,,Julie Sanders,Submitted
Added by selecting.,Tool Survey,table,Heard of it,terrible,5,5,3,5,4,2,1,can't tell,,Julie Sanders,Submitted
Added by selecting.,Tool Survey,list,Heard of it,great,4,3,can't tell,5,5,3,8,5,,Donna Smith,Submitted
Added by selecting.,Tool Survey,decide,Used to use it frequently,great,4,2,3,5,5,2,7,5,,Donna Smith,Submitted
Added by selecting.,Tool Survey,job,Heard of it,great,4,can't tell,2,3,5,5,6,5,,Donna Smith,Submitted
Added by selecting.,Tool Survey,more_stuff,Heard of it,terrible,3,3,4,4,5,5,5,5,,Donna Smith,Submitted
Added by selecting.,Tool Survey,face,Used it at least once,great,4,3,can't tell,5,2,5,4,4,,Donna Smith,Submitted
Added by selecting.,Tool Survey,table,Never heard of it,great,5,5,4,5,5,3,3,5,,Donna Smith,Submitted
Added by selecting.,Tool Survey,stuff,Used it at least once,great,4,5,4,5,5,5,2,5,,Donna Smith,Submitted
Added by selecting.,Tool Survey,use,Heard of it,great,5,5,4,5,5,5,1,3,,Donna Smith,Submitted
Added by selecting.,Tool Survey,list,Used to use it frequently,okay,can't tell,1,1,3,3,1,8,4,,Joshua Shepard,Submitted
Added by selecting.,Tool Survey,decide,Heard of it,great,3,can't tell,1,4,5,2,7,5,,Joshua Shepard,Submitted
Added by selecting.,Tool Survey,more_stuff,Used to use it frequently,okay,2,1,5,3,5,4,6,can't tell,,Joshua Shepard,Submitted
Added by selecting.,Tool Survey,his,Never heard of it,great,2,1,3,4,5,1,5,5,,Joshua Shepard,Submitted
Added by selecting.,Tool Survey,stuff,Used to use it frequently,okay,3,3,3,4,can't tell,5,4,4,,Joshua Shepard,Submitted
Added by selecting.,Tool Survey,social,Used it at least once,great,1,2,can't tell,2,2,1,3,3,,Joshua Shepard,Submitted
Added by selecting.,Tool Survey,table,Never heard of it,okay,4,5,3,5,5,3,2,2,,Joshua Shepard,Submitted
Added by selecting.,Tool Survey,use,Currently use it frequently,great,1,4,3,4,can't tell,can't tell,1,1,,Joshua Shepard,Submitted
Added by selecting.,Tool Survey,job,Used to use it frequently,great,can't tell,5,2,1,5,5,8,5,,Jason Thomas,Submitted
Added by selecting.,Tool Survey,social,Never heard of it,great,2,2,5,4,4,4,7,3,,Jason Thomas,Submitted
Added by selecting.,Tool Survey,face,Used it at least once,terrible,4,2,5,5,3,3,6,4,,Jason Thomas,Submitted
Added by selecting.,Tool Survey,more_stuff,Used to use it frequently,great,3,2,can't tell,2,4,5,5,4,,Jason Thomas,Submitted
Added by selecting.,Tool Survey,his,Currently use it frequently,okay,2,can't tell,5,5,5,3,4,5,,Jason Thomas,Submitted
Added by selecting.,Tool Survey,table,Currently use it frequently,great,3,5,4,4,5,can't tell,3,5,,Jason Thomas,Submitted
Added by selecting.,Tool Survey,stuff,Heard of it,great,4,4,can't tell,can't tell,can't tell,can't tell,2,4,,Jason Thomas,Submitted
Added by selecting.,Tool Survey,use,Currently use it frequently,okay,5,4,3,5,5,5,1,2,,Jason Thomas,Submitted
Added by selecting.,Tool Survey,decide,Currently use it frequently,great,1,1,can't tell,4,5,2,8,can't tell,,Patrick Day,Submitted
Added by selecting.,Tool Survey,social,Never heard of it,great,can't tell,2,4,2,3,2,7,3,,Patrick Day,Submitted
Added by selecting.,Tool Survey,face,Never heard of it,okay,3,can't tell,4,4,2,3,6,2,,Patrick Day,Submitted
Added by selecting.,Tool Survey,more_stuff,Used it at least once,terrible,3,1,3,3,4,5,5,can't tell,,Patrick Day,Submitted
Added by selecting.,Tool Survey,his,Used it at least once,great,3,1,2,4,3,2,4,5,,Patrick Day,Submitted
Added by selecting.,Tool Survey,job,Used it at least once,okay,4,4,1,can't tell,2,3,3,5,,Patrick Day,Submitted
Added by selecting.,Tool Survey,stuff,Used it at least once,great,5,2,2,4,3,1,2,3,,Patrick Day,Submitted
Added by selecting.,Tool Survey,table,Used to use it frequently,okay,2,5,can't tell,4,5,3,1,4,,Patrick Day,Submitted
Added by selecting.,Tool Survey,list,Heard of it,terrible,2,2,2,1,2,1,8,3,,Elizabeth Coleman,Submitted
Added by selecting.,Tool Survey,face,Never heard of it,terrible,can't tell,1,3,1,1,2,7,1,,Elizabeth Coleman,Submitted
Added by selecting.,Tool Survey,social,Heard of it,terrible,2,1,2,can't tell,1,2,6,2,,Elizabeth Coleman,Submitted
Added by selecting.,Tool Survey,decide,Never heard of it,terrible,3,1,1,3,3,1,5,3,,Elizabeth Coleman,Submitted
Added by selecting.,Tool Survey,his,Never heard of it,terrible,2,2,1,2,4,1,4,3,,Elizabeth Coleman,Submitted
Added by selecting.,Tool Survey,stuff,Never heard of it,great,2,can't tell,2,2,2,1,3,2,,Elizabeth Coleman,Submitted
Added by selecting.,Tool Survey,use,Used it at least once,okay,2,2,2,3,2,3,2,1,,Elizabeth Coleman,Submitted
Added by selecting.,Tool Survey,table,Used to use it frequently,okay,1,2,2,3,2,1,1,1,,Elizabeth Coleman,Submitted
Added by selecting.,Tool Survey,list,Used it at least once,terrible,2,1,2,1,1,2,8,1,,Elizabeth Beasley,Submitted
Added by selecting.,Tool Survey,social,Currently use it frequently,great,2,3,5,1,2,1,7,2,,Elizabeth Beasley,Submitted
Added by selecting.,Tool Survey,decide,Currently use it frequently,terrible,1,can't tell,can't tell,can't tell,3,1,6,5,,Elizabeth Beasley,Submitted
Added by selecting.,Tool Survey,more_stuff,Used it at least once,okay,1,1,1,4,2,3,5,2,,Elizabeth Beasley,Submitted
Added by selecting.,Tool Survey,job,Used to use it frequently,great,2,can't tell,1,1,3,2,4,4,,Elizabeth Beasley,Submitted
Added by selecting.,Tool Survey,face,Used to use it frequently,great,2,2,3,4,1,2,3,3,,Elizabeth Beasley,Submitted
Added by selecting.,Tool Survey,his,Currently use it frequently,great,3,3,can't tell,2,3,1,2,3,,Elizabeth Beasley,Submitted
Added by selecting.,Tool Survey,use,Never heard of it,terrible,can't tell,4,4,2,can't tell,5,1,3,,Elizabeth Beasley,Submitted
Added by selecting.,Tool Survey,list,Never heard of it,okay,3,1,3,3,4,3,8,3,,Vincent Conway,Submitted
Added by selecting.,Tool Survey,decide,Used it at least once,great,2,1,2,4,5,1,7,5,,Vincent Conway,Submitted
Added by selecting.,Tool Survey,more_stuff,Never heard of it,okay,3,2,can't tell,3,4,5,6,3,,Vincent Conway,Submitted
Added by selecting.,Tool Survey,social,Currently use it frequently,okay,4,2,5,2,3,2,5,3,,Vincent Conway,Submitted
Added by selecting.,Tool Survey,job,Used to use it frequently,okay,4,4,1,3,3,4,4,3,,Vincent Conway,Submitted
Added by selecting.,Tool Survey,stuff,Never heard of it,okay,3,can't tell,3,5,4,2,3,3,,Vincent Conway,Submitted
Added by selecting.,Tool Survey,table,Never heard of it,great,can't tell,3,3,4,5,2,2,4,,Vincent Conway,Submitted
Added by selecting.,Tool Survey,use,Currently use it frequently,terrible,4,4,4,can't tell,5,can't tell,1,2,,Vincent Conway,Submitted
Added by selecting.,Tool Survey,list,Currently use it frequently,okay,can't tell,2,2,3,4,2,8,3,,Nicole Gonzalez,Submitted
Added by selecting.,Tool Survey,more_stuff,Heard of it,terrible,3,1,2,2,can't tell,4,7,3,,Nicole Gonzalez,Submitted
Added by selecting.,Tool Survey,face,Heard of it,okay,can't tell,2,3,can't tell,can't tell,2,6,3,,Nicole Gonzalez,Submitted
Added by selecting.,Tool Survey,job,Used to use it frequently,great,3,3,1,2,3,5,5,can't tell,,Nicole Gonzalez,Submitted
Added by selecting.,Tool Survey,his,Used it at least once,okay,3,1,3,4,4,1,4,4,,Nicole Gonzalez,Submitted
Added by selecting.,Tool Survey,stuff,Never heard of it,great,4,3,3,4,4,3,3,3,,Nicole Gonzalez,Submitted
Added by selecting.,Tool Survey,use,Currently use it frequently,terrible,4,4,2,4,3,4,2,can't tell,,Nicole Gonzalez,Submitted
Added by selecting.,Tool Survey,table,Heard of it,okay,4,4,3,3,4,2,1,3,,Nicole Gonzalez,Submitted
Added by selecting.,Tool Survey,list,Currently use it frequently,terrible,3,1,can't tell,3,4,can't tell,8,2,,Joseph Clark,Submitted
Added by selecting.,Tool Survey,decide,Currently use it frequently,okay,3,1,2,3,5,1,7,4,,Joseph Clark,Submitted
Added by selecting.,Tool Survey,more_stuff,Never heard of it,okay,2,1,3,2,3,5,6,3,,Joseph Clark,Submitted
Added by selecting.,Tool Survey,his,Used it at least once,great,2,2,4,3,5,1,5,5,,Joseph Clark,Submitted
Added by selecting.,Tool Survey,face,Never heard of it,terrible,can't tell,3,4,5,1,4,4,4,,Joseph Clark,Submitted
Added by selecting.,Tool Survey,job,Used to use it frequently,okay,can't tell,4,1,2,5,can't tell,3,4,,Joseph Clark,Submitted
Added by selecting.,Tool Survey,table,Used to use it frequently,great,5,5,2,4,4,3,2,3,,Joseph Clark,Submitted
Added by selecting.,Tool Survey,use,Heard of it,terrible,4,can't tell,2,4,4,4,1,2,,Joseph Clark,Submitted
Added by selecting.,Tool Survey,list,Currently use it frequently,okay,2,1,3,1,3,3,8,2,,Beth Stephens,Submitted
Added by selecting.,Tool Survey,more_stuff,Currently use it frequently,okay,2,1,1,3,3,4,7,2,,Beth Stephens,Submitted
Added by selecting.,Tool Survey,social,Currently use it frequently,great,2,2,3,2,4,1,6,3,,Beth Stephens,Submitted
Added by selecting.,Tool Survey,face,Never heard of it,terrible,1,1,3,4,2,2,5,2,,Beth Stephens,Submitted
Added by selecting.,Tool Survey,job,Heard of it,terrible,2,2,1,2,3,3,4,2,,Beth Stephens,Submitted
Added by selecting.,Tool Survey,stuff,Used to use it frequently,okay,3,2,2,3,4,2,3,3,,Beth Stephens,Submitted
Added by selecting.,Tool Survey,use,Heard of it,terrible,1,4,2,3,1,2,2,1,,Beth Stephens,Submitted
Added by selecting.,Tool Survey,table,Heard of it,okay,3,3,2,can't tell,can't tell,1,1,2,,Beth Stephens,Submitted
Added by selecting.,Tool Survey,list,Never heard of it,okay,1,1,1,1,4,1,8,1,,Derrick Harris,Submitted
Added by selecting.,Tool Survey,social,Used to use it frequently,okay,1,1,3,3,3,2,7,4,,Derrick Harris,Submitted
Added by selecting.,Tool Survey,face,Never heard of it,terrible,2,1,3,4,2,3,6,3,,Derrick Harris,Submitted
Added by selecting.,Tool Survey,decide,Used to use it frequently,terrible,2,1,3,2,4,1,5,3,,Derrick Harris,Submitted
Added by selecting.,Tool Survey,job,Heard of it,great,2,3,1,2,5,3,4,1,,Derrick Harris,Submitted
Added by selecting.,Tool Survey,stuff,Heard of it,great,2,2,2,1,3,3,3,3,,Derrick Harris,Submitted
Added by selecting.,Tool Survey,his,Used it at least once,great,2,2,1,3,4,2,2,5,,Derrick Harris,Submitted
Added by selecting.,Tool Survey,table,Never heard of it,okay,3,3,2,3,4,1,1,3,,Derrick Harris,Submitted
Added by selecting.,Tool Survey,list,Used to use it frequently,okay,3,1,2,2,3,3,8,3,,Mrs. Heather Hays,Submitted
Added by selecting.,Tool Survey,decide,Used to use it frequently,okay,3,1,can't tell,3,3,1,7,5,,Mrs. Heather Hays,Submitted
Added by selecting.,Tool Survey,more_stuff,Never heard of it,terrible,4,2,4,2,3,5,6,3,,Mrs. Heather Hays,Submitted
Added by selecting.,Tool Survey,his,Currently use it frequently,great,5,2,3,5,5,can't tell,5,5,,Mrs. Heather Hays,Submitted
Added by selecting.,Tool Survey,face,Used it at least once,terrible,2,1,4,3,2,3,4,can't tell,,Mrs. Heather Hays,Submitted
Added by selecting.,Tool Survey,social,Heard of it,great,can't tell,2,4,3,3,2,3,1,,Mrs. Heather Hays,Submitted
Added by selecting.,Tool Survey,stuff,Used it at least once,okay,3,2,2,5,4,2,2,5,,Mrs. Heather Hays,Submitted
Added by selecting.,Tool Survey,use,Currently use it frequently,great,4,4,1,4,4,3,1,1,,Mrs. Heather Hays,Submitted
Added by selecting.,Tool Survey,social,Used to use it frequently,okay,5,1,4,3,2,3,8,2,,Justin Trevino,Submitted
Added by selecting.,Tool Survey,more_stuff,Never heard of it,terrible,can't tell,2,3,4,4,5,7,4,Form agency hand family. Film forget bed member support attack art.,Justin Trevino,Submitted
Added by selecting.,Tool Survey,decide,Never heard of it,great,4,1,4,3,5,2,6,5,,Justin Trevino,Submitted
Added by selecting.,Tool Survey,job,Used it at least once,great,4,4,1,1,can't tell,5,5,4,,Justin Trevino,Submitted
Added by selecting.,Tool Survey,his,Used to use it frequently,great,5,5,can't tell,5,4,1,4,5,,Justin Trevino,Submitted
Added by selecting.,Tool Survey,stuff,Used it at least once,great,3,3,2,3,can't tell,3,3,5,,Justin Trevino,Submitted
Added by selecting.,Tool Survey,use,Never heard of it,terrible,4,2,3,1,4,3,2,1,,Justin Trevino,Submitted
Added by selecting.,Tool Survey,table,Used it at least once,great,can't tell,5,3,can't tell,3,3,1,5,,Justin Trevino,Submitted
Added by selecting.,Tool Survey,list,Currently use it frequently,terrible,2,2,2,can't tell,4,2,8,3,,Jennifer Johnson,Submitted
Added by selecting.,Tool Survey,decide,Used it at least once,okay,4,1,2,3,5,2,7,5,,Jennifer Johnson,Submitted
Added by selecting.,Tool Survey,social,Used it at least once,okay,4,can't tell,5,3,3,3,6,3,,Jennifer Johnson,Submitted
Added by selecting.,Tool Survey,more_stuff,Never heard of it,okay,4,2,3,2,4,5,5,3,,Jennifer Johnson,Submitted
Added by selecting.,Tool Survey,job,Heard of it,okay,3,4,can't tell,2,4,5,4,4,,Jennifer Johnson,Submitted
Added by selecting.,Tool Survey,his,Never heard of it,okay,3,2,3,3,5,1,3,5,,Jennifer Johnson,Submitted
Added by selecting.,Tool Survey,stuff,Used it at least once,great,4,can't tell,can't tell,5,5,4,2,3,,Jennifer Johnson,Submitted
Added by selecting.,Tool Survey,use,Currently use it frequently,okay,4,can't tell,3,4,4,4,1,3,,Jennifer Johnson,Submitted
Added by selecting.,Tool Survey,list,Used to use it frequently,great,1,4,can't tell,3,3,1,8,3,,Kayla Wood,Submitted
Added by selecting.,Tool Survey,more_stuff,Never heard of it,great,3,1,3,can't tell,5,3,7,4,,Kayla Wood,Submitted
Added by selecting.,Tool Survey,face,Heard of it,terrible,2,2,3,4,4,2,6,can't tell,,Kayla Wood,Submitted
Added by selecting.,Tool Survey,social,Used it at least once,terrible,2,1,2,2,1,1,5,3,,Kayla Wood,Submitted
Added by selecting.,Tool Survey,job,Used to use it frequently,terrible,2,4,can't tell,3,2,can't tell,4,2,,Kayla Wood,Submitted
Added by selecting.,Tool Survey,his,Never heard of it,okay,5,1,3,2,3,1,3,3,,Kayla Wood,Submitted
Added by selecting.,Tool Survey,stuff,Used it at least once,okay,1,2,4,5,3,1,2,5,,Kayla Wood,Submitted
Added by selecting.,Tool Survey,table,Used to use it frequently,great,4,5,1,can't tell,1,1,1,5,,Kayla Wood,Submitted
Added by selecting.,Tool Survey,list,Used it at least once,terrible,2,1,1,can't tell,2,can't tell,8,2,,Rickey Walker,Submitted
Added by selecting.,Tool Survey,decide,Used to use it frequently,terrible,2,1,1,2,3,1,7,3,,Rickey Walker,Submitted
Added by selecting.,Tool Survey,social,Currently use it frequently,okay,can't tell,1,3,2,2,1,6,2,,Rickey Walker,Submitted
Added by selecting.,Tool Survey,face,Currently use it frequently,terrible,2,1,3,3,1,1,5,2,,Rickey Walker,Submitted
Added by selecting.,Tool Survey,job,Used it at least once,okay,2,3,1,1,3,3,4,2,,Rickey Walker,Submitted
Added by selecting.,Tool Survey,stuff,Used it at least once,okay,3,1,2,3,can't tell,2,3,can't tell,,Rickey Walker,Submitted
Added by selecting.,Tool Survey,table,Never heard of it,okay,2,3,2,3,3,1,2,2,,Rickey Walker,Submitted
Added by selecting.,Tool Survey,use,Used to use it frequently,terrible,2,3,can't tell,2,2,2,1,1,,Rickey Walker,Submitted
Added by selecting.,Tool Survey,face,Used it at least once,terrible,4,2,4,4,1,2,8,2,,Juan Gonzales,Submitted
Added by selecting.,Tool Survey,more_stuff,Currently use it frequently,terrible,3,2,2,2,3,4,7,3,,Juan Gonzales,Submitted
Added by selecting.,Tool Survey,decide,Used it at least once,terrible,can't tell,1,1,3,5,1,6,3,,Juan Gonzales,Submitted
Added by selecting.,Tool Survey,job,Used it at least once,okay,4,4,1,can't tell,3,4,5,4,,Juan Gonzales,Submitted
Added by selecting.,Tool Survey,his,Currently use it frequently,terrible,3,2,2,4,5,can't tell,4,5,,Juan Gonzales,Submitted
Added by selecting.,Tool Survey,stuff,Used it at least once,okay,3,can't tell,can't tell,4,4,2,3,can't tell,,Juan Gonzales,Submitted
Added by selecting.,Tool Survey,use,Never heard of it,terrible,4,4,3,can't tell,4,2,2,1,,Juan Gonzales,Submitted
Added by selecting.,Tool Survey,table,Used to use it frequently,great,3,4,2,4,4,can't tell,1,3,,Juan Gonzales,Submitted
Added by selecting.,Tool Survey,list,Used to use it frequently,terrible,4,1,4,2,3,1,8,5,,Jessica Walsh,Submitted
Added by selecting.,Tool Survey,social,Used to use it frequently,great,4,3,5,can't tell,4,1,7,2,,Jessica Walsh,Submitted
Added by selecting.,Tool Survey,face,Never heard of it,great,3,3,3,3,1,1,6,3,,Jessica Walsh,Submitted
Added by selecting.,Tool Survey,more_stuff,Currently use it frequently,okay,1,2,1,2,can't tell,can't tell,5,4,,Jessica Walsh,Submitted
Added by selecting.,Tool Survey,decide,Never heard of it,great,1,2,can't tell,2,4,1,4,5,,Jessica Walsh,Submitted
Added by selecting.,Tool Survey,his,Used it at least once,okay,1,1,can't tell,5,5,1,3,5,,Jessica Walsh,Submitted
Added by selecting.,Tool Survey,table,Currently use it frequently,great,3,can't tell,4,4,4,4,2,4,,Jessica Walsh,Submitted
Added by selecting.,Tool Survey,use,Used it at least once,terrible,3,4,can't tell,5,4,4,1,1,,Jessica Walsh,Submitted
Added by selecting.,Tool Survey,list,Heard of it,terrible,2,3,3,3,4,5,8,2,,Howard Chapman,Submitted
Added by selecting.,Tool Survey,face,Currently use it frequently,okay,4,4,3,3,1,can't tell,7,5,,Howard Chapman,Submitted
Added by selecting.,Tool Survey,social,Never heard of it,terrible,2,2,3,3,4,4,6,5,,Howard Chapman,Submitted
Added by selecting.,Tool Survey,his,Used to use it frequently,great,5,1,2,4,2,can't tell,5,5,,Howard Chapman,Submitted
Added by selecting.,Tool Survey,more_stuff,Used it at least once,terrible,3,1,3,1,3,5,4,4,,Howard Chapman,Submitted
Added by selecting.,Tool Survey,stuff,Never heard of it,terrible,3,3,1,4,5,4,3,2,,Howard Chapman,Submitted
Added by selecting.,Tool Survey,table,Used it at least once,great,2,5,can't tell,3,3,3,2,5,,Howard Chapman,Submitted
Added by selecting.,Tool Survey,use,Heard of it,terrible,5,4,2,4,5,3,1,3,,Howard Chapman,Submitted
Added by selecting.,Tool Survey,list,Used it at least once,terrible,1,1,1,1,1,1,8,can't tell,,Cory Randolph,Submitted
Added by selecting.,Tool Survey,face,Never heard of it,okay,1,3,2,3,1,2,7,1,,Cory Randolph,Submitted
Added by selecting.,Tool Survey,decide,Used to use it frequently,terrible,3,1,2,3,2,1,6,2,,Cory Randolph,Submitted
Added by selecting.,Tool Survey,social,Currently use it frequently,okay,1,1,3,1,1,1,5,1,,Cory Randolph,Submitted
Added by selecting.,Tool Survey,more_stuff,Currently use it frequently,okay,1,1,can't tell,1,3,can't tell,4,1,,Cory Randolph,Submitted
Added by selecting.,Tool Survey,job,Currently use it frequently,terrible,3,2,can't tell,1,1,3,3,2,,Cory Randolph,Submitted
Added by selecting.,Tool Survey,use,Never heard of it,terrible,2,2,3,2,1,2,2,1,,Cory Randolph,Submitted
Added by selecting.,Tool Survey,table,Used it at least once,okay,1,3,1,2,4,1,1,1,,Cory Randolph,Submitted
Added by selecting.,Tool Survey,social,Currently use it frequently,great,4,2,4,4,3,2,8,can't tell,,Jerry Anderson,Submitted
Added by selecting.,Tool Survey,decide,Never heard of it,okay,4,2,1,2,can't tell,1,7,5,,Jerry Anderson,Submitted
Added by selecting.,Tool Survey,face,Never heard of it,okay,4,3,4,5,3,2,6,3,,Jerry Anderson,Submitted
Added by selecting.,Tool Survey,his,Used to use it frequently,great,4,1,4,4,5,1,5,5,,Jerry Anderson,Submitted
Added by selecting.,Tool Survey,more_stuff,Heard of it,okay,4,1,1,3,5,5,4,3,,Jerry Anderson,Submitted
Added by selecting.,Tool Survey,job,Never heard of it,great,5,5,1,2,5,5,3,5,,Jerry Anderson,Submitted
Added by selecting.,Tool Survey,stuff,Never heard of it,great,4,3,4,5,5,4,2,3,,Jerry Anderson,Submitted
Added by selecting.,Tool Survey,use,Never heard of it,great,can't tell,can't tell,3,4,4,5,1,2,,Jerry Anderson,Submitted
Added by selecting.,Tool Survey,list,Never heard of it,great,4,1,3,2,4,2,8,4,,Susan Willis,Submitted
Added by selecting.,Tool Survey,social,Used to use it frequently,great,3,3,5,4,can't tell,3,7,4,,Susan Willis,Submitted
Added by selecting.,Tool Survey,more_stuff,Used it at least once,okay,3,1,2,can't tell,can't tell,5,6,4,,Susan Willis,Submitted
Added by selecting.,Tool Survey,decide,Never heard of it,great,3,1,2,3,5,1,5,5,,Susan Willis,Submitted
Added by selecting.,Tool Survey,job,Used it at least once,great,3,can't tell,2,2,4,can't tell,4,5,,Susan Willis,Submitted
Added by selecting.,Tool Survey,his,Heard of it,terrible,2,1,3,can't tell,5,2,3,4,,Susan Willis,Submitted
Added by selecting.,Tool Survey,stuff,Used it at least once,great,2,4,4,4,5,3,2,5,,Susan Willis,Submitted
Added by selecting.,Tool Survey,table,Used it at least once,okay,4,5,2,can't tell,4,1,1,4,,Susan Willis,Submitted
Added by selecting.,Tool Survey,list,Used it at least once,great,2,3,can't tell,4,5,2,8,3,,John Hoffman,Submitted
Added by selecting.,Tool Survey,decide,Currently use it frequently,okay,3,1,3,4,5,2,7,can't tell,,John Hoffman,Submitted
Added by selecting.,Tool Survey,face,Never heard of it,terrible,4,3,5,5,1,3,6,can't tell,,John Hoffman,Submitted
Added by selecting.,Tool Survey,his,Never heard of it,okay,4,2,3,5,5,2,5,5,,John Hoffman,Submitted
Added by selecting.,Tool Survey,stuff,Heard of it,great,2,4,3,5,5,3,4,4,,John Hoffman,Submitted
Added by selecting.,Tool Survey,job,Currently use it frequently,great,4,5,1,2,4,5,3,5,,John Hoffman,Submitted
Added by selecting.,Tool Survey,table,Currently use it frequently,great,can't tell,5,4,5,5,2,2,5,,John Hoffman,Submitted
Added by selecting.,Tool Survey,use,Used it at least once,okay,4,4,2,5,can't tell,4,1,2,,John Hoffman,Submitted
Added by selecting.,Tool Survey,decide,Used to use it frequently,terrible,3,1,2,1,5,1,8,5,,Mr. Brett Dennis,Submitted
Added by selecting.,Tool Survey,more_stuff,Currently use it frequently,terrible,5,3,5,5,5,5,7,5,,Mr. Brett Dennis,Submitted
Added by selecting.,Tool Survey,social,Used to use it frequently,great,4,3,5,5,5,3,6,5,,Mr. Brett Dennis,Submitted
Added by selecting.,Tool Survey,face,Heard of it,terrible,5,3,5,5,3,3,5,can't tell,,Mr. Brett Dennis,Submitted
Added by selecting.,Tool Survey,his,Currently use it frequently,great,4,1,4,5,5,can't tell,4,5,,Mr. Brett Dennis,Submitted
Added by selecting.,Tool Survey,job,Heard of it,great,5,5,1,4,5,5,3,3,,Mr. Brett Dennis,Submitted
Added by selecting.,Tool Survey,table,Currently use it frequently,great,5,5,2,3,5,3,2,4,,Mr. Brett Dennis,Submitted
Added by selecting.,Tool Survey,use,Currently use it frequently,terrible,can't tell,5,2,3,3,5,1,3,,Mr. Brett Dennis,Submitted
Added by selecting.,Tool Survey,list,Used it at least once,great,4,3,4,5,can't tell,3,8,5,,Kathleen Dixon,Submitted
Added by selecting.,Tool Survey,job,Heard of it,great,5,5,2,3,5,can't tell,7,can't tell,,Kathleen Dixon,Submitted
Added by selecting.,Tool Survey,more_stuff,Heard of it,terrible,can't tell,2,3,3,5,5,6,4,,Kathleen Dixon,Submitted
Added by selecting.,Tool Survey,decide,Heard of it,great,4,1,2,4,5,1,5,5,,Kathleen Dixon,Submitted
Added by selecting.,Tool Survey,stuff,Used it at least once,great,5,4,2,5,5,3,4,4,,Kathleen Dixon,Submitted
Added by selecting.,Tool Survey,face,Heard of it,okay,5,5,5,5,1,5,3,5,,Kathleen Dixon,Submitted
Added by selecting.,Tool Survey,his,Heard of it,okay,can't tell,5,3,can't tell,5,1,2,5,,Kathleen Dixon,Submitted
Added by selecting.,Tool Survey,use,Heard of it,great,5,5,5,5,5,can't tell,1,can't tell,,Kathleen Dixon,Submitted
Added by selecting.,Tool Survey,face,Used to use it frequently,terrible,3,1,2,4,1,3,8,can't tell,,Bryan Carson,Submitted
Added by selecting.,Tool Survey,list,Never heard of it,okay,4,3,3,2,4,1,7,3,,Bryan Carson,Submitted
Added by selecting.,Tool Survey,decide,Never heard of it,okay,1,1,2,2,4,1,6,3,,Bryan Carson,Submitted
Added by selecting.,Tool Survey,social,Used it at least once,terrible,3,2,5,3,3,2,5,3,,Bryan Carson,Submitted
Added by selecting.,Tool Survey,his,Heard of it,great,1,1,3,5,4,2,4,5,,Bryan Carson,Submitted
Added by selecting.,Tool Survey,more_stuff,Currently use it frequently,terrible,4,3,1,3,1,4,3,1,,Bryan Carson,Submitted
Added by selecting.,Tool Survey,stuff,Used it at least once,great,can't tell,2,1,5,2,2,2,2,,Bryan Carson,Submitted
Added by selecting.,Tool Survey,table,Used it at least once,great,3,4,3,1,2,2,1,5,,Bryan Carson,Submitted
Added by selecting.,Tool Survey,list,Heard of it,terrible,1,1,1,1,3,2,8,3,,Scott Moore,Submitted
Added by selecting.,Tool Survey,his,Heard of it,terrible,3,2,1,4,4,2,7,5,,Scott Moore,Submitted
Added by selecting.,Tool Survey,social,Currently use it frequently,great,2,3,3,5,2,4,6,3,,Scott Moore,Submitted
Added by selecting.,Tool Survey,job,Used it at least once,okay,4,4,1,2,4,5,5,3,,Scott Moore,Submitted
Added by selecting.,Tool Survey,face,Currently use it frequently,terrible,3,1,can't tell,5,1,1,4,can't tell,,Scott Moore,Submitted
Added by selecting.,Tool Survey,stuff,Currently use it frequently,great,4,2,3,4,4,2,3,4,,Scott Moore,Submitted
Added by selecting.,Tool Survey,table,Heard of it,great,3,5,2,can't tell,4,3,2,5,,Scott Moore,Submitted
Added by selecting.,Tool Survey,use,Heard of it,terrible,4,4,5,3,4,4,1,3,,Scott Moore,Submitted
Added by selecting.,Tool Survey,list,Currently use it frequently,terrible,2,2,3,3,can't tell,can't tell,8,3,,Dawn Mitchell,Submitted
Added by selecting.,Tool Survey,decide,Used it at least once,great,4,1,2,3,5,2,7,5,,Dawn Mitchell,Submitted
Added by selecting.,Tool Survey,social,Never heard of it,great,3,3,5,can't tell,2,2,6,4,,Dawn Mitchell,Submitted
Added by selecting.,Tool Survey,more_stuff,Never heard of it,terrible,4,3,4,can't tell,5,5,5,3,,Dawn Mitchell,Submitted
Added by selecting.,Tool Survey,job,Used it at least once,okay,5,can't tell,1,2,4,4,4,5,,Dawn Mitchell,Submitted
Added by selecting.,Tool Survey,stuff,Used to use it frequently,great,4,3,3,5,5,3,3,can't tell,,Dawn Mitchell,Submitted
Added by selecting.,Tool Survey,table,Used to use it frequently,okay,5,5,4,4,5,3,2,4,,Dawn Mitchell,Submitted
Added by selecting.,Tool Survey,use,Used to use it frequently,terrible,can't tell,can't tell,3,5,5,4,1,3,,Dawn Mitchell,Submitted
Added by selecting.,Tool Survey,list,Used to use it frequently,okay,5,3,3,4,5,2,8,4,,Thomas Moore,Submitted
Added by selecting.,Tool Survey,decide,Used it at least once,great,5,3,4,5,5,3,7,5,,Thomas Moore,Submitted
Added by selecting.,Tool Survey,social,Heard of it,great,5,3,5,5,4,can't tell,6,5,,Thomas Moore,Submitted
Added by selecting.,Tool Survey,face,Used it at least once,okay,5,3,5,5,2,5,5,can't tell,,Thomas Moore,Submitted
Added by selecting.,Tool Survey,more_stuff,Never heard of it,terrible,4,can't tell,5,2,5,5,4,4,,Thomas Moore,Submitted
Added by selecting.,Tool Survey,stuff,Heard of it,great,5,4,4,can't tell,5,5,3,5,,Thomas Moore,Submitted
Added by selecting.,Tool Survey,table,Used it at least once,great,5,5,4,5,5,3,2,5,,Thomas Moore,Submitted
Added by selecting.,Tool Survey,use,Used it at least once,okay,5,5,can't tell,5,can't tell,3,1,can't tell,,Thomas Moore,Submitted
Added by selecting.,Tool Survey,list,Heard of it,okay,5,1,4,4,5,1,8,can't tell,,Anita Morrison,Submitted
Added by selecting.,Tool Survey,decide,Used to use it frequently,great,4,1,4,5,5,4,7,5,,Anita Morrison,Submitted
Added by selecting.,Tool Survey,social,Never heard of it,great,3,3,5,4,5,3,6,4,,Anita Morrison,Submitted
Added by selecting.,Tool Survey,his,Used it at least once,okay,5,3,4,5,5,2,5,can't tell,,Anita Morrison,Submitted
Added by selecting.,Tool Survey,job,Heard of it,okay,can't tell,5,1,4,5,5,4,5,,Anita Morrison,Submitted
Added by selecting.,Tool Survey,stuff,Heard of it,great,5,3,3,5,5,2,3,3,,Anita Morrison,Submitted
Added by selecting.,Tool Survey,use,Used to use it frequently,okay,5,5,5,5,5,5,2,can't tell,,Anita Morrison,Submitted
Added by selecting.,Tool Survey,table,Used it at least once,great,4,5,5,can't tell,4,1,1,5,,Anita Morrison,Submitted
Added by selecting.,Tool Survey,list,Currently use it frequently,terrible,2,3,2,4,1,1,8,2,,Dr. Autumn Smith PhD,Submitted
Added by selecting.,Tool Survey,decide,Used to use it frequently,terrible,3,1,3,1,can't tell,2,7,5,,Dr. Autumn Smith PhD,Submitted
Added by selecting.,Tool Survey,job,Currently use it frequently,great,2,2,1,1,5,3,6,2,,Dr. Autumn Smith PhD,Submitted
Added by selecting.,Tool Survey,more_stuff,Never heard of it,terrible,3,2,1,3,4,4,5,3,,Dr. Autumn Smith PhD,Submitted
Added by selecting.,Tool Survey,social,Heard of it,okay,3,3,2,3,4,2,4,2,,Dr. Autumn Smith PhD,Submitted
Added by selecting.,Tool Survey,face,Used it at least once,terrible,4,2,2,3,can't tell,1,3,2,,Dr. Autumn Smith PhD,Submitted
Added by selecting.,Tool Survey,his,Never heard of it,okay,4,2,1,can't tell,5,1,2,5,,Dr. Autumn Smith PhD,Submitted
Added by selecting.,Tool Survey,stuff,Used to use it frequently,okay,can't tell,1,3,can't tell,3,2,1,3,,Dr. Autumn Smith PhD,Submitted
Added by selecting.,Tool Survey,list,Currently use it frequently,okay,1,2,2,2,1,1,8,2,,Kristen Adams,Submitted
Added by selecting.,Tool Survey,social,Never heard of it,okay,2,2,4,1,2,2,7,2,,Kristen Adams,Submitted
Added by selecting.,Tool Survey,more_stuff,Used to use it frequently,terrible,2,2,2,2,3,3,6,2,,Kristen Adams,Submitted
Added by selecting.,Tool Survey,face,Used to use it frequently,terrible,3,can't tell,3,3,1,2,5,2,,Kristen Adams,Submitted
Added by selecting.,Tool Survey,job,Used to use it frequently,terrible,3,can't tell,1,1,3,3,4,3,,Kristen Adams,Submitted
Added by selecting.,Tool Survey,use,Currently use it frequently,okay,2,4,1,2,3,3,3,1,,Kristen Adams,Submitted
Added by selecting.,Tool Survey,his,Used to use it frequently,okay,3,1,2,2,3,1,2,3,,Kristen Adams,Submitted
Added by selecting.,Tool Survey,table,Never heard of it,terrible,3,3,2,3,3,1,1,3,,Kristen Adams,Submitted
Added by selecting.,Tool Survey,decide,Never heard of it,terrible,3,1,2,3,4,2,8,5,,Anna Anderson,Submitted
Added by selecting.,Tool Survey,his,Heard of it,okay,2,3,3,5,3,1,7,3,,Anna Anderson,Submitted
Added by selecting.,Tool Survey,face,Currently use it frequently,terrible,can't tell,4,can't tell,3,1,2,6,2,,Anna Anderson,Submitted
Added by selecting.,Tool Survey,more_stuff,Never heard of it,terrible,3,3,1,4,1,can't tell,5,3,,Anna Anderson,Submitted
Added by selecting.,Tool Survey,stuff,Used to use it frequently,okay,1,4,3,5,2,2,4,4,,Anna Anderson,Submitted
Added by selecting.,Tool Survey,job,Currently use it frequently,terrible,1,5,1,1,2,2,3,4,,Anna Anderson,Submitted
Added by selecting.,Tool Survey,table,Used it at least once,great,4,2,1,4,5,2,2,5,,Anna Anderson,Submitted
Added by selecting.,Tool Survey,use,Used to use it frequently,terrible,5,5,4,4,3,3,1,can't tell,,Anna Anderson,Submitted
Added by selecting.,Tool Survey,list,Currently use it frequently,great,2,2,can't tell,3,4,3,8,2,,Laurie Harper,Submitted
Added by selecting.,Tool Survey,job,Used it at least once,great,3,4,can't tell,can't tell,5,5,7,4,,Laurie Harper,Submitted
Added by selecting.,Tool Survey,decide,Used it at least once,okay,2,1,2,3,5,2,6,5,,Laurie Harper,Submitted
Added by selecting.,Tool Survey,his,Never heard of it,okay,2,2,3,5,5,1,5,5,,Laurie Harper,Submitted
Added by selecting.,Tool Survey,more_stuff,Currently use it frequently,terrible,3,3,2,3,can't tell,can't tell,4,4,,Laurie Harper,Submitted
Added by selecting.,Tool Survey,table,Currently use it frequently,great,1,4,4,5,5,2,3,5,,Laurie Harper,Submitted
Added by selecting.,Tool Survey,stuff,Never heard of it,great,3,4,3,can't tell,5,3,2,5,,Laurie Harper,Submitted
Added by selecting.,Tool Survey,use,Currently use it frequently,okay,3,5,4,5,3,4,1,2,,Laurie Harper,Submitted
Added by selecting.,Tool Survey,decide,Heard of it,great,4,2,1,4,5,1,8,4,,Christopher Nguyen,Submitted
Added by selecting.,Tool Survey,social,Currently use it frequently,great,4,3,5,2,3,3,7,can't tell,,Christopher Nguyen,Submitted
Added by selecting.,Tool Survey,more_stuff,Heard of it,terrible,3,2,4,1,4,5,6,5,,Christopher Nguyen,Submitted
Added by selecting.,Tool Survey,face,Used it at least once,terrible,5,2,4,5,2,3,5,4,,Christopher Nguyen,Submitted
Added by selecting.,Tool Survey,job,Used it at least once,okay,5,5,can't tell,1,5,4,4,4,,Christopher Nguyen,Submitted
Added by selecting.,Tool Survey,stuff,Heard of it,great,5,4,4,5,can't tell,4,3,5,,Christopher Nguyen,Submitted
Added by selecting.,Tool Survey,table,Used to use it frequently,okay,4,4,3,5,can't tell,1,2,4,,Christopher Nguyen,Submitted
Added by selecting.,Tool Survey,use,Never heard of it,okay,5,5,3,3,3,4,1,4,,Christopher Nguyen,Submitted
Added by selecting.,Tool Survey,list,Used to use it frequently,okay,2,1,1,1,1,1,8,1,,Richard Luna,Submitted
Added by selecting.,Tool Survey,decide,Used to use it frequently,terrible,1,2,1,1,1,1,7,1,,Richard Luna,Submitted
Added by selecting.,Tool Survey,more_stuff,Heard of it,terrible,1,can't tell,1,3,1,2,6,1,,Richard Luna,Submitted
Added by selecting.,Tool Survey,social,Currently use it frequently,terrible,1,2,1,2,1,1,5,1,,Richard Luna,Submitted
Added by selecting.,Tool Survey,face,Used it at least once,okay,can't tell,1,1,1,2,1,4,1,,Richard Luna,Submitted
Added by selecting.,Tool Survey,his,Never heard of it,terrible,3,1,can't tell,can't tell,1,1,3,1,,Richard Luna,Submitted
Added by selecting.,Tool Survey,job,Heard of it,terrible,2,1,1,1,1,1,2,2,,Richard Luna,Submitted
Added by selecting.,Tool Survey,stuff,Currently use it frequently,terrible,1,2,1,1,can't tell,2,1,3,,Richard Luna,Submitted
Added by selecting.,Tool Survey,list,Currently use it frequently,terrible,2,can't tell,4,1,can't tell,2,8,can't tell,,Erin Sanchez,Submitted
Added by selecting.,Tool Survey,more_stuff,Used it at least once,terrible,4,1,3,1,5,5,7,4,,Erin Sanchez,Submitted
Added by selecting.,Tool Survey,job,Used to use it frequently,okay,5,4,1,2,5,4,6,can't tell,,Erin Sanchez,Submitted
Added by selecting.,Tool Survey,social,Never heard of it,great,5,3,4,1,2,1,5,5,,Erin Sanchez,Submitted
Added by selecting.,Tool Survey,face,Used to use it frequently,terrible,5,5,5,5,can't tell,3,4,4,,Erin Sanchez,Submitted
Added by selecting.,Tool Survey,his,Heard of it,okay,5,2,2,3,5,2,3,5,,Erin Sanchez,Submitted
Added by selecting.,Tool Survey,use,Heard of it,terrible,5,can't tell,4,2,4,5,2,1,,Erin Sanchez,Submitted
Added by selecting.,Tool Survey,table,Used to use it frequently,great,4,can't tell,1,can't tell,5,2,1,5,,Erin Sanchez,Submitted
Added by selecting.,Tool Survey,list,Used to use it frequently,terrible,2,1,2,2,2,3,8,1,,Heather Peterson,Submitted
Added by selecting.,Tool Survey,social,Heard of it,okay,1,1,can't tell,4,1,3,7,3,,Heather Peterson,Submitted
Added by selecting.,Tool Survey,decide,Used to use it frequently,terrible,2,3,1,3,4,1,6,1,,Heather Peterson,Submitted
Added by selecting.,Tool Survey,face,Currently use it frequently,terrible,3,1,1,4,1,3,5,2,,Heather Peterson,Submitted
Added by selecting.,Tool Survey,his,Currently use it frequently,okay,1,1,1,3,3,1,4,3,,Heather Peterson,Submitted
Added by selecting.,Tool Survey,stuff,Heard of it,okay,2,3,1,2,5,1,3,2,,Heather Peterson,Submitted
Added by selecting.,Tool Survey,table,Used to use it frequently,terrible,4,3,can't tell,1,3,1,2,2,,Heather Peterson,Submitted
Added by selecting.,Tool Survey,use,Used it at least once,terrible,2,2,2,1,3,3,1,1,,Heather Peterson,Submitted
Added by selecting.,Tool Survey,list,Used to use it frequently,terrible,can't tell,1,1,1,1,1,8,1,,Wendy Delgado,Submitted
Added by selecting.,Tool Survey,face,Never heard of it,okay,can't tell,can't tell,1,4,2,4,7,2,,Wendy Delgado,Submitted
Added by selecting.,Tool Survey,decide,Currently use it frequently,great,2,2,1,1,4,1,6,1,,Wendy Delgado,Submitted
Added by selecting.,Tool Survey,his,Used it at least once,terrible,2,1,2,1,3,2,5,1,,Wendy Delgado,Submitted
Added by selecting.,Tool Survey,more_stuff,Currently use it frequently,terrible,2,1,can't tell,1,3,3,4,can't tell,,Wendy Delgado,Submitted
Added by selecting.,Tool Survey,stuff,Heard of it,terrible,2,1,1,2,1,1,3,1,,Wendy Delgado,Submitted
Added by selecting.,Tool Survey,use,Heard of it,okay,1,1,1,1,1,2,2,2,,Wendy Delgado,Submitted
Added by selecting.,Tool Survey,table,Used it at least once,terrible,can't tell,2,2,4,3,1,1,2,,Wendy Delgado,Submitted
Added by selecting.,Tool Survey,face,Used it at least once,great,3,2,4,5,1,3,8,3,,Kirk Webb,Submitted
Added by selecting.,Tool Survey,social,Used to use it frequently,great,3,can't tell,5,4,3,3,7,4,,Kirk Webb,Submitted
Added by selecting.,Tool Survey,decide,Used it at least once,okay,3,can't tell,can't tell,4,5,2,6,5,,Kirk Webb,Submitted
Added by selecting.,Tool Survey,job,Used to use it frequently,great,3,5,2,1,3,5,5,4,,Kirk Webb,Submitted
Added by selecting.,Tool Survey,stuff,Heard of it,great,3,can't tell,2,5,5,4,4,4,,Kirk Webb,Submitted
Added by selecting.,Tool Survey,use,Currently use it frequently,okay,4,can't tell,2,5,4,4,3,can't tell,,Kirk Webb,Submitted
Added by selecting.,Tool Survey,his,Heard of it,great,4,2,3,can't tell,5,1,2,5,,Kirk Webb,Submitted
Added by selecting.,Tool Survey,table,Used it at least once,great,can't tell,5,3,can't tell,4,can't tell,1,5,,Kirk Webb,Submitted
Added by selecting.,Tool Survey,list,Currently use it frequently,terrible,1,2,can't tell,3,2,1,8,can't tell,,Cassandra Cooper,Submitted
Added by selecting.,Tool Survey,more_stuff,Heard of it,terrible,can't tell,1,1,1,2,4,7,can't tell,,Cassandra Cooper,Submitted
Added by selecting.,Tool Survey,job,Never heard of it,terrible,1,1,1,3,1,can't tell,6,1,,Cassandra Cooper,Submitted
Added by selecting.,Tool Survey,stuff,Never heard of it,okay,1,2,1,5,1,4,5,1,,Cassandra Cooper,Submitted
Added by selecting.,Tool Survey,face,Used to use it frequently,terrible,1,1,1,2,2,can't tell,4,1,,Cassandra Cooper,Submitted
Added by selecting.,Tool Survey,social,Never heard of it,terrible,1,2,3,2,2,1,3,2,,Cassandra Cooper,Submitted
Added by selecting.,Tool Survey,table,Heard of it,okay,2,1,2,3,2,1,2,1,,Cassandra Cooper,Submitted
Added by selecting.,Tool Survey,use,Currently use it frequently,great,can't tell,2,2,3,can't tell,3,1,2,,Cassandra Cooper,Submitted
Added by selecting.,Tool Survey,list,Heard of it,terrible,2,3,can't tell,2,can't tell,3,8,can't tell,,Victoria Morales,Submitted
Added by selecting.,Tool Survey,social,Never heard of it,okay,2,2,5,3,2,2,7,5,,Victoria Morales,Submitted
Added by selecting.,Tool Survey,decide,Used it at least once,terrible,can't tell,1,3,2,4,2,6,can't tell,,Victoria Morales,Submitted
Added by selecting.,Tool Survey,more_stuff,Never heard of it,terrible,3,1,1,1,4,4,5,3,,Victoria Morales,Submitted
Added by selecting.,Tool Survey,his,Currently use it frequently,okay,4,2,3,3,4,1,4,5,,Victoria Morales,Submitted
Added by selecting.,Tool Survey,job,Heard of it,okay,can't tell,4,1,1,5,4,3,3,,Victoria Morales,Submitted
Added by selecting.,Tool Survey,stuff,Used it at least once,great,2,2,1,5,5,can't tell,2,3,,Victoria Morales,Submitted
Added by selecting.,Tool Survey,use,Currently use it frequently,terrible,3,5,3,4,3,3,1,3,,Victoria Morales,Submitted
Added by selecting.,Tool Survey,list,Currently use it frequently,terrible,3,3,can't tell,4,5,3,8,5,,Mr. Luis Chan,Submitted
Added by selecting.,Tool Survey,decide,Used to use it frequently,great,5,1,3,4,5,1,7,5,,Mr. Luis Chan,Submitted
Added by selecting.,Tool Survey,more_stuff,Used it at least once,terrible,5,2,3,3,5,5,6,5,,Mr. Luis Chan,Submitted
Added by selecting.,Tool Survey,social,Heard of it,great,5,3,5,4,3,3,5,4,,Mr. Luis Chan,Submitted
Added by selecting.,Tool Survey,face,Used to use it frequently,terrible,5,3,5,5,3,3,4,5,,Mr. Luis Chan,Submitted
Added by selecting.,Tool Survey,job,Currently use it frequently,great,4,5,3,3,4,5,3,5,,Mr. Luis Chan,Submitted
Added by selecting.,Tool Survey,table,Used to use it frequently,great,5,5,can't tell,5,can't tell,3,2,5,,Mr. Luis Chan,Submitted
Added by selecting.,Tool Survey,his,Never heard of it,great,5,2,4,5,5,2,1,5,,Mr. Luis Chan,Submitted
