Title,Survey,Q1Answer,Q2Answer,Q3Answer,SurveyUser,SurveyStatus
Added by application.,Tool Survey,3,other,13,Trevor Mccarthy,Submitted
Added by application.,Tool Survey,3,security operator,2,Jamie Lopez,Submitted
Added by application.,Tool Survey,2,network operator,1,Dana Burke,Submitted
Added by application.,Tool Survey,3,network operator,20,Malik Roberts,Submitted
Added by application.,Tool Survey,2,other,22,Angela Mcclure,Submitted
Added by application.,Tool Survey,2,network operator,15,Mr. Nicholas Gallegos,Submitted
Added by application.,Tool Survey,1,systems administrator,20,Devin Hernandez,Submitted
Added by application.,Tool Survey,1,systems administrator,9,Lisa Hickman,Submitted
Added by application.,Tool Survey,3,network operator,22,Rebecca Lewis,Submitted
Added by application.,Tool Survey,2,network operator,6,William Maldonado,Submitted
Added by application.,Tool Survey,3,other,10,Michael Anderson,Submitted
Added by application.,Tool Survey,1,other,7,Julie Sanders,Submitted
Added by application.,Tool Survey,3,other,16,Donna Smith,Submitted
Added by application.,Tool Survey,1,network operator,16,Joshua Shepard,Submitted
Added by application.,Tool Survey,2,security operator,23,Jason Thomas,Submitted
Added by application.,Tool Survey,1,systems administrator,4,Patrick Day,Submitted
Added by application.,Tool Survey,3,other,24,Elizabeth Coleman,Submitted
Added by application.,Tool Survey,1,systems administrator,12,Elizabeth Beasley,Submitted
Added by application.,Tool Survey,1,network operator,16,Vincent Conway,Submitted
Added by application.,Tool Survey,3,security operator,2,Nicole Gonzalez,Submitted
Added by application.,Tool Survey,1,network operator,12,Joseph Clark,Submitted
Added by application.,Tool Survey,1,network operator,23,Beth Stephens,Submitted
Added by application.,Tool Survey,1,systems administrator,13,Derrick Harris,Submitted
Added by application.,Tool Survey,2,network operator,24,Mrs. Heather Hays,Submitted
Added by application.,Tool Survey,1,other,9,Justin Trevino,Submitted
Added by application.,Tool Survey,2,network operator,15,Jennifer Johnson,Submitted
Added by application.,Tool Survey,2,systems administrator,10,Kayla Wood,Submitted
Added by application.,Tool Survey,3,other,8,Rickey Walker,Submitted
Added by application.,Tool Survey,2,network operator,5,Juan Gonzales,Submitted
Added by application.,Tool Survey,1,security operator,6,Jessica Walsh,Submitted
Added by application.,Tool Survey,3,security operator,18,Howard Chapman,Submitted
Added by application.,Tool Survey,2,network operator,14,Cory Randolph,Submitted
Added by application.,Tool Survey,1,other,5,Jerry Anderson,Submitted
Added by application.,Tool Survey,3,systems administrator,6,Susan Willis,Submitted
Added by application.,Tool Survey,2,security operator,24,John Hoffman,Submitted
Added by application.,Tool Survey,1,systems administrator,17,Mr. Brett Dennis,Submitted
Added by application.,Tool Survey,1,network operator,5,Kathleen Dixon,Submitted
Added by application.,Tool Survey,3,other,8,Bryan Carson,Submitted
Added by application.,Tool Survey,3,network operator,14,Scott Moore,Submitted
Added by application.,Tool Survey,1,security operator,15,Dawn Mitchell,Submitted
Added by application.,Tool Survey,2,systems administrator,23,Thomas Moore,Submitted
Added by application.,Tool Survey,2,systems administrator,20,Anita Morrison,Submitted
Added by application.,Tool Survey,1,security operator,14,Dr. Autumn Smith PhD,Submitted
Added by application.,Tool Survey,1,network operator,25,Kristen Adams,Submitted
Added by application.,Tool Survey,1,systems administrator,22,Anna Anderson,Submitted
Added by application.,Tool Survey,3,security operator,4,Laurie Harper,Submitted
Added by application.,Tool Survey,1,other,17,Christopher Nguyen,Submitted
Added by application.,Tool Survey,3,network operator,22,Richard Luna,Submitted
Added by application.,Tool Survey,2,other,22,Erin Sanchez,Submitted
Added by application.,Tool Survey,3,other,19,Heather Peterson,Submitted
Added by application.,Tool Survey,3,systems administrator,8,Wendy Delgado,Submitted
Added by application.,Tool Survey,1,security operator,5,Kirk Webb,Submitted
Added by application.,Tool Survey,2,systems administrator,12,Cassandra Cooper,Submitted
Added by application.,Tool Survey,3,security operator,13,Victoria Morales,Submitted
Added by application.,Tool Survey,3,network operator,25,Mr. Luis Chan,Submitted
